Model,MSE,R2
LinearRegression,24.291119474973538,0.6687594935356317
RandomForest,7.901513892156864,0.8922527442109116
GradientBoosting,6.208861361528038,0.9153342280466539
